Abancourt,ABT
Abbaretz,AAR
Abbeville,ABB
Ablon-sur-Seine,ABL
Achiet-le-Grand,ACT
Achères Grand Cormier,GCR
Achères Ville,ACW
Agay,AGH
Agde,AGD
Agen,AGN
Agonac,AGA
Aguilcourt - Variscourt,AGK
Aigrefeuille le Thou,AGR
Aiguebelette-le-Lac,AGQ
Aiguebelle,AEB
Aigueperse,AGE
Aigues-Mortes,AIM
Aiguillon,AIN
Aillevillers,AIP
Ailly-sur-Noye,ASN
Ailly-sur-Somme,AYS
Aimargues,AIA
Aime - La Plagne,ANJ
Aiserey,ASI
Aix-en-Provence,AXP
Aix-en-Provence TGV,AXV
Aix-les-Bains le Revard,AIX
Aixe-sur-Vienne,ASV
Alaï,ALA
Albens,ABN
Albert,ALJ
Albertville,ALV
Albi,ALB
Albi Madeleine,ALM
Albias,ALE
Albigny - Neuville,VVN
Alençon,ALN
Allassac,AAA
Allenc,AEN
Alleyras,AES
Allée de la Tour Rendez-Vous,AET
Altkirch,ALK
Alès,ALS
Amagne - Lucquy,AMA
Ambazac,ABZ
Amboise,AMQ
Ambronay - Priay,AAI
Ambérieu-en-Bugey,AMB
Amiens,AMS
Amifontaine,AMF
Amilly Ouerray,AMY
Amplepuis,AMP
Ancenis,ANC
Anchamps,ACP
Anché - Voulon,ACV
Ancy-sur-Moselle,AYM
Andelot-en-Montagne,AND
Andrésy,ACY
Andrézieux-Bouthéon,ANZ
Angers Maître École,AME
Angers Saint-Laud,ASL
Angerville,AGV
Angoulins sur Mer,AOM
Angoulême,ANG
Anizy - Pinon,API
Annappes,ANP
Annecy,ANY
Annemasse,ANE
Anor,ANO
Anse,ANS
Anthéor Cap Roux,AHC
Antibes,ATB
Anvin,ANV
Apach,APJ
Appilly,APP
Arbanats,ABH
Arbois,AOI
Arc-et-Senans,ACA
Arcachon,ARC
Arches,ARH
Arenc Euroméditerranée,AEM
Arengosse,ARO
Argelès-sur-Mer,AMR
Argentan,ARG
Argenteuil,ARW
Argentière,AGI
Argenton-sur-Creuse,AGC
Arles,ARS
Arleux,ARX
Armentières,ARM
Arnage,AAG
Arnèke,ARN
Arpajon,ARP
Arras,ARR
Arrou,AOU
Ars-sur-Moselle,ASM
Artenay,ATY
Artix,ATI
Arvant,ARV
Ascq,ASC
Asnières-sur-Seine,AEE
Aspres-sur-Buëch,ASH
Assat,ATK
Assier,AER
Athis-Mons,ATH
Aubagne,AUB
Aubazines - Saint-Hilaire,ABA
Aubergenville Élisabethville,AEH
Aubiat,AUK
Aubie - Saint-Antoine,ATX
Aubiet,AIT
Aubigny-au-Bac,AAB
Aubigny-en-Artois,ABI
Aubigné-Racan,ABG
Aubin,AVB
Aubin-Saint-Vaast,AUV
Auboué,ABE
Aubrives,ARI
Aubusson,AOO
Auch,AUH
Auchy-lès-Hesdin,AHH
Audrieu,ADR
Audruicq,ADQ
Audun-le-Roman,ALR
Auffay,AUF
Aulnat Aéroport,AUL
Aulnay-sous-Bois,ABM
Aulnoye-Aymeries,AYE
Aumale,AUM
Aumont-Aubrac,AAU
Auneau,AUN
Auray,ARY
Aurec-sur-Loire,AEC
Aurillac,AUC
Auterive,AIE
Autun,AUP
Auvers-sur-Oise,AUW
Auxerre Saint-Gervais,AUX
Auxonne,AXO
Avallon,AVA
Avenay-Val-d'Or,AAY
Avenue Foch,AVF
Avenue Henri Martin,AHM
Avenue du Président Kennedy Maison de Radio France,APK
Avesnelles,AVS
Avesnes-sur-Helpe,AVN
Avignon Centre,AVI
Avignon TGV,AVV
Avignonet-Lauragais,AWG
Avion,AON
Avord,ADG
Avoudrey,AVO
Avranches,AVR
Avrechy,AVY
Ax-les-Thermes,AXN
Ay,AYN
Aytré Plage,ATL
Azay-le-Rideau,AZR
Azay-sur-Cher,EUR
Azerailles,AZE
Aéroport Charles de Gaulle 1,RSY
Aéroport Charles de Gaulle 2 TGV,RYT_TRANS
Aéroport Charles de Gaulle 2 TGV,RYT
Babinière,BBQ
Baccarat,BAC
Bagnac-sur-Célé,BAG
Bagneaux-sur-Loing,BXN
Bagnols - Chadenet,BCT
Baillargues,BGU
Bailleau-le-Pin,BAP
Bailleul,BIU
Bailleul-Sir-Berthoult,BSH
Bains-les-Bains,BNS
Baisieux,BAI
Balagny Saint-Épin,BXE
Balbigny,BBY
Ballan-Miré,BME
Ballancourt-sur-Essonne,BUR
Balsièges,BKB
Banassac - La Canourgue,BAA
Bandol,BND
Bannalec,BNC
Bantzenheim,BTZ
Banyuls-sur-Mer,BAN
Bar-le-Duc,BLD
Bar-sur-Aube,BRB
Baraqueville Carcenac Peyralès,BAQ
Barentin,BTM
Barenton-Bugny,BJB
Barjac,BJC
Baroncourt,BTS
Barr,BAR
Barsac,BSQ
Bartenheim,BTK
Bas - Monistrol-sur-Loire,BMO
Bas Évette,BEV
Base Aérienne,ERJ
Basse-Ham,BHD
Bassens,BAS
Batz-sur-Mer,BSK
Baule,BLJ
Baume-les-Dames,BDA
Bauvin - Provin,BVP
Bayeux,BAY
Bayon,BYN
Bayonne,BYE
Bazancourt,BZT
Baziège,BAZ
Beau Marais,BMQ
Beaucaire,BCK
Beaugency,BGY
Beaulieu-sur-Mer,BUM
Beaumont-le-Roger,BLR
Beaune,BEA
Beaurainville,BIV
Beautiran,BIR
Beauvais,BVS
Beauvoir-sur-Niort,BVK
Beauvoisin,BVW
Bedous,GGM
Beillant,BIL
Belfort,BFT
Belfort - Montbéliard TGV,BFB
Bellac,BLL
Belle-Isle - Bégard,BIB
Bellegarde-sur-Valserine,BGD
Bellenaves,BLE
Belleville,BEE
Belleville sur Sâone,BVL
Belleville-sur-Vie,BVD
Bellevue,BLU
Bellignat,BNI
Belloy - Saint-Martin,BSW
Belvezet,BVZ
Belvès,BES
Belz - Ploemel,BZP
Bena Fanes,BFA
Benfeld,BFD
Bengy-sur-Craon,BNH
Bergerac,BGC
Bergues,BEG
Berlaimont,BER
Bernay,BEY
Bersac-sur-Rivalier,BHA
Berthelming,BHN
Bertrichamps,BHZ
Bertry,BTD
Besançon Franche-Comté TGV,BFC
Besançon Mouillère,BNM
Besançon Viotte,BNV
Beslé,BIQ
Bessancourt,BSR
Bessay-sur-Allier,BSS
Betton,BTN
Beuvrages,BUS
Beuvry lès Béthune,BVR
Beynes,BYS
Beynost,BNO
Biache-Saint-Vaast,BIA
Biarritz,BIZ
Bibliothèque François Mitterrand,BFM
Bidarray Pont Noblia,PBJ
Bidos,EON
Biganos Facture,FAT
Bigny,BIG
Billy-Montigny,BYM
Biot,BJO
Bischheim,BHM
Bischoffsheim,BFH
Bischwiller,BHW
Bitschwiller-lès-Thann,BWP
Bièvres,BSI
Blainville - Damelevières,BLV
Blaisy-Bas,BSB
Blangy-sur-Bresle,BBM
Blangy-sur-Ternoise,BIP
Blanquefort,BQF
Blanzy,BYK
Blois - Chambord,BLO
Blonville-sur-Mer - Benerville,BWB
Bléré - La Croix,BCX
Bogny-sur-Meuse,BYU
Bohain-en-Vermandois,BHI
Boigneville,BWI
Bois-Colombes,BCO
Bois-d'Oingt - Légny,BDO
Bois-le-Roi,BJR
Boisleux-au-Mont,BLX
Boisseaux,BAX
Boisset,BCL
Boissise-le-Roi,BKR
Boissy-l'Aillerie,BLA
Bolbec - Nointot,BNT
Bollwiller,BOW
Bollène La Croisière,BLN
Bologne,BOG
Bolquère - Eyne,BQE
Bondy,BDY
Bonnemain,BMV
Bonneval,BOJ
Bonneville,BON
Bonnières-sur-Seine,BNR
Bons-en-Chablais,BAB
Bonson,BSN
Boran-sur-Oise,BRN
Bordeaux Saint-Jean,BXJ
Bords,BOR
Bornel - Belle-Église,BBI
Bouaye,BLQ
Boucau,BUU
Bouchain,BAK
Boucoiran-et-Nozières,BKW
Bouffémont - Moisselles,BOF
Bougival,BGV
Boulainvilliers,BWR
Boulogne Tintelleries,BKI
Boulogne-sur-Mer,BEM
Boulouris sur Mer,BOU
Bouray,BSO
Bourbourg,BBU
Bourg-Bruche,BFZ
Bourg-Madame,BMD
Bourg-Saint-Maurice,BSM
Bourg-en-Bresse,BGB
Bourges,BGS
Bourgneuf-en-Retz,BGZ
Bourgoin-Jallieu,BRG
Bourgtheroulde - Thuit-Hébert,BGT
Bournezeau,BNZ
Bourron-Marlotte - Grez,BOM
Boussay - La Bruffière,BBF
Boussens,BQY
Boussy-Saint-Antoine,BXI
Bouthéon,BOH
Boutigny-sur-Essonne,BJN
Boves,BOV
Boën-sur-Lignon,BOE
Bram,BRA
Brandérion,BPZ
Brassac-les-Mines - Sainte-Florine,BLM
Brax - Léguevin,BXL
Brazey-en-Plaine,BEP
Brebières,BSU
Breil-sur-Roya,BRE
Breitenbach-Haut-Rhin,BHH
Bressuire,BRS
Brest,BRT
Breteil,BTU
Bretenoux - Biars,BXB
Breteuil,BEB
Bretigny - Norges,BTQ
Bretoncelles,BTO
Bretteville - Norrey,BVO
Breuil - Romain,BPR
Breuillet - Bruyères-le-Châtel,BIH
Breuillet Village,BRW
Briançon,BRI
Briare,BEW
Brignac,BKX
Brignais,BGN
Brignoud,BNU
Brimeux,BWM
Brion - Laizy,BUJ
Brion - Montréal-la-Cluse,BMC
Brionne,BEU
Brioude,BRD
Briouze,BZN
Brive-la-Gaillarde,BLG
Broons,BOS
Brou,BRO
Broye,BQK
Bruges,BGH
Brumath,BAH
Brunoy,BNY
Brunémont,BPN
Bruyères,BUY
Bruyères-sur-Oise,BRK
Bruz,BRZ
Bréauté - Beuzeville,BTB
Brélidy - Plouëc,BYP
Brétigny-sur-Orge,BYR
Bréval,BVA
Bueil,BUE
Bugeat,BUG
Buire-sur-l'Ancre,BXA
Bully - Grenay,BGF
Buno - Gironville,BQV
Busigny,BSY
Bussac-Forêt,BMR
Busseau sur Creuse,BUC
Bussière-Galant,BGA
Buzy en Béarn,BUZ
Byans-sur-Doubs,BYB
Bègles,BGL
Béard,BVE
Bécon les Bruyères,BEC
Bédarieux,BED
Bédarrides,BDR
Bénesse-Maremne,BMX
Bénestroff,BEN
Béning-lès-Saint-Avold,BNG
Bétaille,BIK
Béthune,BET
Béziers,BZS
Cadaujac,CDJ
Caen,CAE
Caffiers,CAF
Cagnes-sur-Mer,CGM
Cahors,CAH
Calais,CSV
Calais - Fréthun,FHS
Callac,CCF
Calonne-Ricouart,CPC
Cambo-les-Bains,CPQ
Cambrai,CAM
Campagnac - Saint-Geniez,CNT
Cannes,CAN
Cannes La Bocca,CAB
Cantin,CNK
Cap-d'Ail,KAI
Capdenac,CDC
Capvern,CPN
Carantilly - Marigny,CIG
Carbonne,COA
Carcassonne,CNE
Carentan,CAR
Carhaix-Plouguer,CRX
Carignan,CAG
Carmaux,CMX
Carnoles,KRL
Carnoules,CNS
Carnoët - Locarn,CCN
Carpentras,IIM
Carry-le-Rouet,CRR
Casino Lacroix Laval,CCL
Cassel,CRD
Cassis,CSI
Castelnau-d'Estrétefonds,CDF
Castelnaudary,CTY
Castelsarrasin,CTN
Castillon-la-Bataille,CIO
Castres,CTR
Cattenières,CTT
Caudrot,KDT
Caudry,CAU
Caudéran Mérignac,CUD
Caulnes,CUL
Caussade,CSD
Cavaillon,CVN
Cavignac,CGC
Cazères,CZG
Ceilhes - Roqueredonde,COQ
Cenon,CBX
Cerbère,CER
Cercottes,CCT
Cercy-la-Tour,CLT
Cergy Préfecture,CYP
Cergy Saint-Christophe,CYC
Cergy le Haut,CJV
Cerizay,CEZ
Cernay (Haut-Rhin),CEF
Cernay (Val-d'Oise),CEJ
Cessieu,CIU
Cesson,CES
Cesson-Sévigné,CGT
Ceyzériat,CZR
Chabanais,CHB
Chabenet,CBQ
Chabris,CGY
Chagny,CHY
Chaingy Fourneaux Plage,CFX
Chalais,CIC
Chalon-sur-Saône,CSS
Chalonnes-sur-Loire,CCE
Chamalières-sur-Loire,CML
Chamarande,CHK
Chambly,CVK
Chamborigaud,CBO
Chambourg-sur-Indre,CMG
Chambéry - Challes-les-Eaux,CRL
Chamelet,CWE
Chamonix Aiguille du Midi,CHW
Chamonix-Mont-Blanc,CHX
Chamousset,CSK
Champ de Courses d'Enghien,CEG
Champ de Mars Tour Eiffel,CPM
Champagne-Ardenne TGV,CGV
Champagne-sur-Oise,CPI
Champagne-sur-Seine,CME
Champagney,CPY
Champagnole,CPG
Champagnole Paul-Émile Victor,PVT
Champagné,CGZ
Champbenoist - Poigny,CPK
Champigneulles,CHG
Champigny sur Yonne,CSY
Champs - Saint-Bris,CAI
Champtocé-sur-Loire,CWL
Chanac,CNA
Changis - Saint-Jean,CJN
Chanteloup-les-Vignes,CVF
Chantenay,CHA
Chantenay-Saint-Imbert,CXI
Chantilly - Gouvieux,CLY
Chantonnay,CTO
Chapeauroux,CPX
Chaponost,CPT
Chaponval,CPW
Charbonnières-les-Bains,CRB
Charleville-Mézières,CMZ
Charmes,CHS
Chars,CHR
Chartres,CHH
Chartrettes,CJR
Chasse-sur-Rhône,CSR
Chasseneuil-du-Poitou,CHN
Chasseneuil-sur-Bonnieure,CBN
Chasseradès,CJD
Chauffailles,CHF
Chaugey,CFJ
Chaulnes,CHL
Chaumont,CHM
Chaumont-en-Vexin,CEV
Chauny,CNY
Chaux-des-Crotenay,LXR
Chaville - Vélizy,CHV
Chaville Rive Droite,CWJ
Chaville Rive Gauche,CVI
Chazay - Marcilly,CZM
Chedde,CED
Cheilly-lès-Maranges,CJL
Chelles - Gournay,CSG
Chemilly - Appoigny,CAP
Chemillé-en-Anjou,CHE
Chemin d'Antony,CHQ
Chenevières,CKY
Chenonceaux,CQH
Cherbourg-en-Cotentin,CBU
Chessy,CZI
Chevaigné,CWH
Chevillon,CIN
Chevilly,CVY
Chevrières,CGB
Chilly-Mazarin,CAZ
Chindrieux,CWX
Chinon,CHI
Chirac,CAC
Chissay-en-Touraine,CXT
Chocques,CRG
Choisy-le-Roi,CLR
Cholet,CHT
Chorges,CHO
Chouzy-sur-Cisse,CZV
Châbons,CKN
Châlons-en-Champagne,CMP
Château-Arnoux-Saint-Auban,SAU
Château-Gaillard,CGK
Château-Renault,CTI
Château-Thierry,CTH
Château-du-Loir,CDL
Château-l'Évêque,CEQ
Châteaubourg,CTG
Châteaubriant,CTB
Châteaubriant Tram Train,CTQ
Châteaudun,CUN
Châteaulin,CEM
Châteauneuf - Bujaleuf,CBF
Châteauneuf-sur-Charente,CSC
Châteauneuf-sur-Cher,CHC
Châteauroux,CTX
Châtel - Nomexy,CEO
Châtel-Censoir,CAL
Châtelaillon-Plage,CTL
Châtelaudren - Plouagat,CDN
Châtellerault,CRT
Châtillon d'Azergues,CDZ
Chèvremont,CMF
Chézy-sur-Marne,CYZ
Cinq-Mars-la-Pile,CQM
Cintegabelle,CBT
Cires-lès-Mello,CIW
Ciry-le-Noble,CYL
Civrieux-d'Azergues,CZK
Cize - Bolozon,CZQ
Clacy - Mons,ONS
Clamart,CMA
Clamecy,CLA
Clelles - Mens,CMS
Clermont La Pardieu,COP
Clermont La Rotonde,RTD
Clermont de l'Oise,CDO
Clermont-Ferrand,CLF
Clermont-en-Argonne,CTA
Clerval,CVL
Clichy - Levallois,CLL
Clisson,CLI
Cloyes-sur-le-Loir,CLO
Cluses,CLU
Clères,CRS
Coarraze - Nay,CZN
Coat Guégan,CQG
Cognac,COG
Coignières,CGW
Collioure,COX
Collonges - Fontaines,COF
Collonges-lès-Premières,CLG
Colmar,CMR
Colmar Mésanges,CXM
Colmar Saint-Joseph,CXJ
Colombes,CBK
Colombier-Fontaine,CFT
Colomiers,COL
Colomiers Lycée International,LYF
Combourg,CUG
Combs-la-Ville - Quincy,CBV
Commentry,CMY
Commercy,CCY
Compans,COJ
Compiègne,CPE
Conches-en-Ouche,CCH
Condat - Le Lardin,CDT
Condé-sur-Huisne,CDH
Conflans - Jarny,CJJ
Conflans Fin d'Oise,CFD
Conflans-Sainte-Honorine,CSH
Conlie,CIE
Connerré - Beillé,COB
Contrexéville,CXC
Corbehem,COR
Corbeil-Essonnes,COE
Corbie,CBI
Corbigny,CBY
Corcy,CKX
Cordemais,CDQ
Cordes - Vindrac,VDC
Corgoloin,CGO
Cormeilles-en-Parisis,CPA
Cormery,CEY
Cornil,CIL
Coron de Méricourt,CQW
Corps-Nuds,CPS
Corrèze,CZE
Corseul - Languenan,CFA
Cosne-Cours-sur-Loire,COS
Coucy-lès-Eppes,CCP
Coudekerque-Branche,CDK
Couffoulens - Leuc,CFW
Couilly - Saint-Germain - Quincy,CYQ
Coulanges-sur-Yonne,CAO
Couliboeuf,CLB
Coulommiers,CQU
Courbevoie,KOU
Courcay - Tauxigny,KYY
Courcelles-le-Comte,COK
Courcelles-sur-Nied,CCD
Courcy - Brimont,CIM
Coursan,KOS
Courtalain - Saint-Pellerin,CWP
Courthézon,CTZ
Courville-sur-Eure,CVB
Cousance,CSJ
Coutances,CCS
Coutras,COU
Couze,CZD
Couzon-au-Mont-d'Or,KMD
Couëron,CNQ
Cramoisy,CYO
Cransac,CRZ
Cravant - Bazarnes,CBZ
Creil,CLH
Crest,CRE
Crissé,CIK
Croix - Wasquehal,CRW
Croix L'Allumette,CIX
Croix Sainte,XST
Croix du Prince,XDP
Cros de Cagnes,CKG
Crouy,CRU
Crouy-sur-Ourcq,CQQ
Crécy-la-Chapelle,CLC
Crépieux la Pape,CLP
Crépy - Couvron,CYU
Crépy-en-Valois,CYV
Créteil Pompadour,CTP
Crêches-sur-Saône,KSA
Cubzac-les-Ponts,KBZ
Cuers - Pierrefeu,CFU
Cugand,KUG
Cuinchy,CUH
Culmont - Chalindrey,CYN
Culoz,CUZ
Cérons,CGD
Dachstein,DCN
Dambach-la-Ville,DMB
Damiatte - Saint-Paul,DSP
Dammartin - Juilly - Saint-Mard,DAM
Dangé-Saint-Romain,DGE
Danjoutin,DGI
Dannemarie,DAN
Dannemarie - Velesmes,DNV
Dannes - Camiers,DCQ
Daours,DAO
Dardilly Le Jubin,DDJ
Dardilly Les Mouilles,DDY
Darsac,DAR
Dax,DAX
Decize,DZE
Delle,DEL
Deluz,DLZ
Denain,DEN
Dercy - Froidmont,DER
Dettwiller,DEE
Deuil - Montmagny,DEU
Deville,DVI
Die,DIE
Diemeringen,DRI
Dieppe,DEV
Dieulouard,DID
Dieupentale,DIP
Digoin,DIG
Dijon,DJV
Dijon Porte Neuve,DJP
Dinan,DIN
Dingé,DNE
Dirinon,DIR
Dissay,DIF
Dives-sur-Mer - Cabourg,DVQ
Dives-sur-Mer Port Guillaume,DSU
Dol-de-Bretagne,DOL
Dole,DLE
Dombasle-sur-Meurthe,DBS
Domblans - Voiteur,DBV
Domfront-en-Champagne,DFO
Dommartin - Lissieu,DLU
Dommartin - Remiencourt,DMM
Domont,DMO
Dompierre Sept Fons,DOP
Dompierre-sur-Helpe,DMR
Don - Sainghin,DON
Donchery,DEY
Donges,DGS
Donjeux,DNJ
Donzère,DOE
Dordives,DDI
Dorlisheim,DHM
Dormans,DOR
Douai,DOI
Dourdan,DHY
Dourdan La Forêt,DAQ
Dourges,DOU
Douzillac,DUZ
Drancy,DRN
Drap - Cantaron,DRA
Drefféac,DRF
Dreuil-lès-Amiens,DAS
Dreux,DRX
Drusenheim,DRS
Druye,DRY
Dunkerque,DKQ
Duppigheim,DUP
Durtol - Nohanent,DUR
Duttlenheim,DTM
Dégagnac,DEG
Ebblinghem,EBB
Ebersheim,EBH
Ecully - Tassin,ECY
Eichhoffen,ECF
Einvaux,EIN
Elbeuf - Saint-Aubin,ESA
Elne,ELN
Embrun,EMB
Enghien-les-Bains,ENK
Ennevelin,ENN
Entraigues-sur-la-Sorgue,ENR
Entzheim Aéroport,ENZ
Epfig,EFG
Erdre-Active,ERV
Ermont - Eaubonne,ERT_PSL
Ermont - Eaubonne,ERT
Ermont Halte,ERM
Err,ERR
Erstein,EEN
Esbly,EYA
Escalquens,EQA
Escaudœuvres,EDV
Esches,ESC
Esquelbecq,ESQ
Essonnes Robinson,ESO
Estavar,EAA
Estressin,ESN
Estrées-Saint-Denis,ESD
Esvres sur Indre,ESV
Eu,EUW
Exideuil,EXC
Eymoutiers Vassivière,EYM
Farbus,FAU
Faremoutiers - Pommeuse,FMP
Farschviller,FWR
Farébersviller,FBR
Faubourg d'Orléans,FBL
Faulquemont,FAQ
Fegersheim - Lipsheim,FHM
Fellering,FRG
Felletin,FEL
Fenouillet - Saint-Alban,FEX
Ferrières - Fontenay,FFY
Feuquières - Broquiers,FBS
Feurs,FEU
Feyzin,FEY
Figeac,FIG
Firminy,FNY
Fismes,FIO
Flavy-le-Martel,FAM
Flaxlanden,FXL
Flers,FLS
Fleurieux-sur-l'Arbresle,FSL
Fleurville - Pont-de-Vaux,FLV
Flez-Cuzy - Tannay,FEZ
Foix,FXE
Folligny,FOL
Fons - Saint-Mamert,FMS
Font-Romeu-Odeillo-Via,FRM
Fontaine-le-Port,FPO
Fontainebleau - Avon,FON
Fontaines - Mercurey,FAE
Fontan - Saorge,FTO
Fontenay-le-Fleury,FAF
Fontenoy-sur-Moselle,FBE
Fontpédrouse,FTB
Forbach,FOB
Formerie,FMR
Fors,FOW
Fos-sur-Mer,FOS
Foucart - Alvimare,FTA
Fouday,FDY
Foug,FUG
Fougeray - Langon,FGL
Fougeré,FUE
Fouilloy,FIY
Fouquereuil,FQE
Fourchambault,FLT
Fourmies,FMI
Foëcy,FCY
Fraisses - Unieux,FRU
Franchet d'Esperey,FRP
Francheville,FRW
Franconville - Le Plessis-Bouchard,FPB
Franois,FOI
Frasne,FRA
Freinville Sevran,FSV
Fresnoy-le-Grand,FEG
Fretin,FRI
Fromental,FRO
Froncles,FEB
Frontenex,TFF
Frontignan,FRN
Frouard,FRD
Frynaudour,FYD
Fréjus,FRJ
Frénouville - Cagny,FVL
Frépillon,FPN
Fréteval - Morée,FRE
Frévin-Capelle,FVK
Fumay,FUY
Futuroscope,FTU
Fécamp,FEC
Fépin,FEP
Gadagne,GDA
Gagny,GNQ
Gaillac,GAI
Gaillon - Aubevoye,GAA
Gallargues-le-Montueux,GGE
Gallieni Cancéropôle,OGI
Galuzot,GLZ
Gambsheim,GHM
Gan,GNJ
Gandrange - Amnéville,GDG
Gannat,GAN
Gannes,GNS
Gap,GAP
Garancières - La Queue,GAQ
Garches - Marnes-la-Coquette,GMC
Garchizy,GZY
Gardanne,GDN
Gardonne,GAO
Gargan,GAF
Gargenville,GGV
Garges - Sarcelles,GAJ
Gauriaguet,GGT
Gazeran,GZA
Gazinet Cestas,GAZ
Geispolsheim,GPM
Gemeaux,GMX
Genlis,GLS
Gennevilliers,GEN
Germaine,GEA
Gertwiller,GWL
Gerzat,GEZ
Gestel,GES
Gevrey-Chambertin,GCT
Gien,GIE
Gignac - Cressensac,GCC
Gilley,GIL
Gilly-sur-Loire,GSL
Gimont Cahuzac,GAH
Gironde-sur-Dropt,GID
Gisors,GIS
Givet,GVT
Givors,GIV
Givors Canal,GIC
Gièvres,GSN
Glos - Montfort,GLO
Golfe Juan Vallauris,GLF
Golfech,GOL
Goncelin,GOC
Gonfaron,GFR
Gorges,GOE
Gourdon,GOV
Gourland,GUL
Gournay - Ferrières,GOF
Goussainville,GOU
Goxwiller,GXW
Graffenstaden,GRF
Graffenwald,GFW
Gragnague,GAG
Gramat,GRT
Grand Bourg,GBG
Grande-Synthe,GSV
Grandvillars,GND
Grandvilliers,GAR
Granville,GRV
Grasse,GRA
Gravelines,GVL
Gravigny Balizy,GBI
Grenoble,GRE
Grenoble Universités - Gières,GRS
Gresswiller,GEI
Gretz-Armainvilliers,GZT
Grigny Centre,GGG
Grigny le Sablon,LSB
Grisolles,GRI
Groisy - Thorens-Glières,GTC
Gros Noyer Saint-Prix,GNE
Groslay,GNX
Grésy-sur-Aix,GAX
Grésy-sur-Isère,TGG
Guichen - Bourg-des-Comptes,GBC
Guignicourt,GUI
Guillerval,GUE
Guimiliau,GMU
Guingamp,GGP
Gujan-Mestras,GUJ
Gundershoffen,GUF
Gunsbach - Griesbach,GSB
Guérard - La Celle-sur-Morin,GCM
Guéret,GTJ
Guéthary,GTH
Génelard,GEL
Génolhac,GNC
Générac,GEC
Habsheim,HAB
Hachette,HAC
Hagondange,HGD
Haguenau,HAG
Halsou - Larressore,HLS
Halte de Fontanil – Lycée de Drap,FLA
Haluchère Batignolles,HAD
Ham,HAM
Ham-en-Artois,HMA
Hangest-sur-Somme,HAS
Harfleur,HAF
Harfleur Halte,HRF
Hargicourt - Pierrepont,HGI
Hasenrain,HNR
Hatrize,HZE
Haubourdin,HAU
Haussmann Saint-Lazare,HSL
Haute Picardie TGV,HPI
Hautmont,HAT
Hayange,HAY
Haybes,HYM
Hazebrouck,HZK
Heiligenberg - Mollkirch,HEG
Heilles - Mouchy,HEC
Heilly,HLY
Hellemmes,HEL
Hendaye,HED
Hennebont,HEN
Herbitzheim,HBZ
Herblay,HRY
Herchies,HEE
Hermes - Berthecourt,HRB
Herny,HYI
Herrlisheim,HRL
Herrlisheim-près-Colmar,HRH
Hesdigneul-lès-Boulogne,HES
Hesdin,HSD
Hettange-Grande,HET
Hirson,HIQ
Hirson Écoles,HSO
Hochfelden,HCH
Hoelschloch,HHH
Hoenheim Tram,HMT
Hoerdt,HOD
Hoffen,HFN
Hombourg-Haut,HOH
Homécourt,HOM
Houdan,HOA
Houdemont,HDT
Houilles - Carrières-sur-Seine,HAR
Houlgate,HOE
Hundling,HDC
Hunspach,HUS
Huriel,HIL
Hyères,HYE
Hénin-Beaumont,HBE
Héricourt,HCT
Héricy,HER
Igney,IYA
Igney - Avricourt,IAZ
Igny,IGY
Ille-sur-Têt,ILL
Illfurth,IFH
Illiers-Combray,ILC
Imphy,IPY
Ingersheim Cité Scolaire,IMC
Ingrandes sur Vienne,IGR
Ingrandes-Le Fresne-sur-Loire,IGA
Ingwiller,IGW
Invalides,INV
Irigny Yvours,IRY
Is-sur-Tille,IST
Isbergues,BIO
Isles - Armentières - Congis,IAC
Issoire,ISS
Issou - Porcheville,IPO
Issoudun,ISK
Issy Val de Seine,ISP
Issy-les-Moulineaux,ISY
Issé,ISE
Istres,ISR
Iteuil,ITL
Ivry-sur-Seine,IVN
Iwuy,IWY
Jacques Monod la Demi-Lieue,JAC
Janzé,JZE
Jarnac,JCB
Jarrie - Vizille,JAV
Jarville-la-Malgrange,JAR
Jaunay-Clan,JAU
Jaux,JAX
Javel,JVL
Jeumont,JTJ
Joigny,JOI
Joigny-sur-Meuse,JGY
Joinville,JQI
Joncet,JCT
Joncherey,JYE
Jonchery-sur-Vesle,JYV
Jonzac,JOH
Jouy,JOY
Jouy-en-Josas,JAS
Joué-lès-Tours,JLT
Juan les Pins,JAE
Juvisy-sur-Orge,JYS
Juziers,JUZ
Jœuf,JOF
Kalhausen,KHS
Ker Lann,KEL
Kerhostin,KHT
Kerhuon,KHO
Kilstett,KIL
Koenigsmacker,KER
Kogenheim,KEN
Krimmeri Meinau,KRI
Kruth,KRD
Kurtzenhouse,KUR
L'Abbaye,ABJ
L'Aigle,LAE
L'Aiguille,AGF
L'Arbresle,LBL
L'Argentière Les Écrins,LEE
L'Ariane La Trinité,ATJ
L'Escarène,ESR
L'Estaque,LES
L'Herbergement - Les Brouzils,LHB
L'Hermitage - Mordelles,LHL
L'Hospitalet-près-l'Andorre,LHT
L'Hôpital-du-Grosbois,LHO
L'Isle-Adam - Parmain,IAP
L'Isle-Jourdain,LIJ
L'Isle-d'Abeau,ISA
L'Isle-sur-la-Sorgue - Fontaine-de-Vaucluse,LFV
L'Isle-sur-le-Doubs,ISD
L'Isthme,ISH
L'Étang-la-Ville,ELW
La Bachellerie,BHJ
La Barasse,LBC
La Barre Ormesson,LBJ
La Basse Indre - Saint-Herblain,LBI
La Bassée - Violaines,BII
La Bastide - Saint-Laurent-les-Bains,LBS
La Baule Les Pins,BFP
La Baule-Escoublac,LBE
La Bernerie-en-Retz,BNX
La Bohalle,WBH
La Bonneville-sur-Iton,BVU
La Borne Blanche,BBN
La Bouteille,WBT
La Brigue,WBI
La Brillanne - Oraison,LBO
La Brohinière,LBR
La Cave,WCA
La Celle-Saint-Cloud,LCB
La Chaize-le-Vicomte,CZC
La Chapelle - Aulnay,CVM
La Chapelle-Saint-Mesmin,LCS
La Chapelle-sur-Erdre,EIF
La Chapelle-sur-Loire,WSL
La Charité-sur-Loire,LAT
La Chaumusse - Fort-du-Plasne,WFP
La Chaussée-Saint-Victor,WSV
La Ciotat - Ceyreste,LTV
La Clayette - Baudemont,CYB
La Coquille,LCQ
La Courneuve - Aubervilliers,ALC
La Couronne Carro,CRQ
La Crau,LUV
La Croix de Méan,XDM
La Crèche,CCK
La Douzillère,DZD
La Défense,LDU
La Faloise,FLO
La Ferté-Alais,LFA
La Ferté-Bernard,LFB
La Ferté-Imbault,FTV
La Ferté-Milon,LFM
La Ferté-Saint-Aubin,LFS
La Ferté-sous-Jouarre,LFJ
La Fontaine,FOK
La Forest-Landerneau,FOO
La Fouillouse,LFI
La Frayère,FYS
La Fresnais,FSN
La Frette - Montigny,FMY
La Fère,FER
La Garde,LGD
La Garenne-Colombes,LGK
La Gorp,GOP
La Gouesnière - Cancale - Saint-Méloir-des-Ondes,LGO
La Grand-Combe,LGC
La Grande-Paroisse,GPA
La Grave d'Ambarès,GVA
La Guerche-sur-l'Aubois,GUA
La Guierche,GUH
La Haie-Fouassière,LHE
La Hisse,HIZ
La Hume,HUE
La Hutte Coulombiers,LHU
La Jarrie,JAJ
La Jonchère-Saint-Maurice,JOC
La Joux,JOO
La Levade,LLE
La Loupe,LLP
La Madeleine,LMA
La Marche,MKF
La Membrolle-sur-Choisille,LRL
La Meyze,MYZ
La Mothe-Achard,LEH
La Mothe-Saint-Héray,LHY
La Méaugon,MHT
La Ménitré,MEQ
La Norville - Saint-Germain-lès-Arpajon,NGE
La Pauline Hyères,LPH
La Penne-sur-Huveaune,PHE
La Plaine Stade de France - Saint-Denis - Aubervilliers,LPN
La Pomme,PPO
La Porcherie,PHR
La Possonnière,LPO
La Poterie,PTK
La Redonne Ensuès,RDS
La Ricamarie,LRM
La Rivière de Mansac,LDZ
La Rivière-Drugeon,RIW
La Roche-Maurice,ROW
La Roche-sur-Foron,LRF
La Roche-sur-Yon,LRY
La Rochefoucauld,LRO
La Rochelle,LRE
La Rochelle Porte Dauphine,LRA
La Réole,REO
La Seyne - Six-Fours,LSM
La Souterraine,LST
La Suze-sur-Sarthe,LSZ
La Taye,LTA
La Teste-de-Buch,TTE
La Tour-de-Salvagny,TSW
La Tour-du-Pin,LTP
La Tricherie,LTR
La Trinité Victor,TVR
La Valbonne,VAO
La Verpillière,VEI
La Verrière,VYL
La Ville Gozet,GOZ
La Ville-Dieu-du-Temple,LIX
La Villette Saint-Prest,VTP
La Wantzenau,LWL
Labarthe-Inard,LAX
Labenne,LBN
Labergement-Sainte-Marie,GYR
Laboissière - Le Déluge,DEJ
Labouheyre,LBH
Labruguière,LBG
Labège Innopole,FRV
Labège Village,LEJ
Lacapelle-Viescamp,WCV
Lacelle,WCL
Lachaud Curmilhac,LDQ
Lacourtensourt,LNT
Lafarge,LAF
Lagny - Thorigny,LGY
Laguépie,LPB
Laifour,LFU
Laigneville,LAI
Laigné - Saint-Gervais,LSG
Laillé,LLJ
Laissey,LJY
Lalande Église,LZG
Lalbenque - Fontanes,LNQ
Lalinde,LLK
Lamagistère,LWG
Lamanon,LMN
Lamballe,LAM
Lamonzie-Saint-Martin,LZE
Lamothe-Landerron,LOH
Lamothe-Montravel,LMH
Lamotte-Beuvron,LBQ
Lamure-sur-Azergues,LAZ
Lancerf,LNF
Lancey,LCW
Landas,LDD
Landaul - Mendon,LDJ
Landerneau,LDO
Landivisiau,LDI
Landrecies,LNR
Landry,LAY
Landébia,LDB
Landévant,LDM
Laneuveville-devant-Nancy,LNV
Langeac,LNG
Langeais,LGS
Langogne,LGG
Langon,LGE
Langres,LAG
Lannemezan,LNZ
Lannion,LNI
Lantenay,LWP
Laon,LAO
Lapeyrouse,LPY
Laragne-Montéglin,LRN
Larche,LHZ
Lardenne,KPL
Lardy,LYO
Laroche - Migennes,LAR
Laroque-Timbaut,LRQ
Laroquebrou,LQB
Lathus-Saint-Rémy,LHX
Latour-de-Carol - Enveitg,LTL
Lauterbourg,LTG
Laval,LAL
Laval-de-Cère,LLC
Lavaufranche,LVF
Lavaur,LVR
Lavaveix-les-Mines,LXM
Lavilletertre,VWT
Lavoûte-sur-Loire,LVL
Le Blanc-Mesnil,BAM
Le Bosquet,BQJ
Le Bourget,LBT
Le Bousquet-d'Orb,LBD
Le Bras de Fer,BFX
Le Breuil-sur-Couze,BCZ
Le Bruel,BWQ
Le Buet,BVQ
Le Bugue,BDG
Le Buisson-de-Cadouin,LBU
Le Burg,WBW
Le Cailar,LCI
Le Cateau-Cambrésis,LCA
Le Cellier,LEI
Le Cendre - Orcet,CZJ
Le Chambon-Feugerolles,LCF
Le Chénay Gagny,CGG
Le Coteau,LCU
Le Coudray-Montceaux,CEX
Le Creusot,LCR
Le Creusot - Montceau-les-Mines - Montchanin TGV,LCM
Le Croisic,LCC
Le Dorat,LDT
Le Dramont,DRW
Le Fauga,FGA
Le Genest-Saint-Isle,GST
Le Grand Jardin,GDJ
Le Grand-Lemps,LGL
Le Grau-du-Roi,LGR
Le Haut Banc,HTB
Le Havre,LHA
Le Havre Graville,LHG
Le Lioran,LLN
Le Luc - Le Cannet,LEC
Le Mans,LEN
Le Meux - La Croix-Saint-Ouen,LXS
Le Molay-Littry,MLW
Le Monastier-Pin-Moriès,LMR
Le Mée-sur-Seine,WEE
Le Méridien La Ferrière,WER
Le Pallet,PLL
Le Perray-en-Yvelines,LPE
Le Plessis Chenet,IBM
Le Plessis-Belleville,PLB
Le Poirier Université,LEP
Le Pont-de-Beauvoisin,POB
Le Pont-de-Claix,PDC
Le Pouliguen,LIG
Le Puy-en-Velay,LPU
Le Péage-de-Roussillon,PGR
Le Pénity,PYV
Le Quesnoy,LQY
Le Raincy - Villemomble - Montfermeil,RVM
Le Rouget,LRG
Le Soler,LSL
Le Stade,LSD
Le Teich,TEH
Le Theil - La Rouge,LFQ
Le Theil-de-Bretagne,TIB
Le Thor,LTH
Le Toec,TOE
Le Trayas,TYA
Le Tréport - Mers-les-Bains,LTM
Le Val d'Or,VDO
Le Verdon-sur-Mer,LVD
Le Vernet d'Ariège,VVT
Le Vert de Maisons,VDP
Le Vieux Briollay,VXB
Leforest,LEF
Lens,LNS
Lentilly,LTY
Lentilly Charpenay,CNJ
Les Abrets - Fitilieu,FII
Les Arcs - Draguignan,LAC
Les Ardoines,LAD
Les Aubrais,LAB
Les Bardys,LBY
Les Bons Pères,BJP
Les Bossons,BHS
Les Boullereaux Champigny,BXP
Les Cabannes,CNB
Les Cabrils,KBI
Les Cauquillous,CQO
Les Clairières de Verneuil,KVE
Les Coquetiers,LQT
Les Deux Jumeaux,HPZ
Les Essarts-le-Roi,LSI
Les Eyzies-de-Tayac-Sireuil,EYZ
Les Flachères,FLD
Les Fontinettes,LTS
Les Grésillons,LEG
Les Houches,HOU
Les Islettes,ISL
Les Lacs,LCK
Les Laumes Alésia,LLA
Les Mais,LQW
Les Martres-de-Veyre,MVY
Les Moussoux,MQK
Les Moutiers-en-Retz,MVB
Les Mureaux,LMU
Les Noues,LNX
Les Ormes,ORE
Les Pavillons-sous-Bois,PVB
Les Perrières,PEF
Les Praz de Chamonix,PZI
Les Pélerins,PKN
Les Quatre Roues,QRS
Les Quatre-Routes-du-Lot,LQR
Les Ramassiers,RAM
Les Rosiers-sur-Loire,ROR
Les Sables Blancs,SWB
Les Sables-d'Olonne,LSO
Les Salelles,SQL
Les Saules,LSW
Les Tines,TNJ
Les Trillers,TIS
Les Vallées,LWA
Les Versannes,VSJ
Les Yvris Noisy-le-Grand,LYV
Les Échets,ECH
Les Églisottes-et-Chalaures,EGE
Lesparre-Médoc,LSE
Lesquin,LEQ
Lestelle-de-Saint-Martory,LTJ
Leucate La Franqui,LEU
Leval,LLW
Lexos,LEX
Lezennes,LZS
Lezoux,LEZ
Liancourt - Rantigny,LIA
Liancourt-Saint-Pierre,LQK
Liart,LIR
Libercourt,LIK
Libourne,LIB
Liesle,LJL
Lieusaint - Moissy,LIU
Ligugé,LGJ
Lille CHR,ECR
Lille Europe,LEW
Lille Flandres,LLF
Lille Porte de Douai,PED
Lillers,LLL
Limay,LSH
Limeray,LIZ
Limersheim,LHJ
Limeyrat,LIF
Limoges Bénédictins,LIM
Limoges Montjovis,LMJ
Limoux,LMX
Limoux Flassian,LMF
Lingolsheim,LGH
Lisieux,LIS
Lisle-sur-Tarn,LSU
Lison,LSN
Liverdun,LDN
Livron-sur-Drôme,LIV
Livry-sur-Seine,LYQ
Lizy-sur-Ourcq,LZO
Liévin,LVW
Loches,LOY
Logelbach,LOJ
Loison-sous-Lens,LOO
Loivre,LXV
Longages - Noé,LNN
Longecourt-en-Plaine,LJK
Longjumeau,LJU
Longpont,LJP
Longpré-les-Corps-Saints,LGP
Longroy - Gamaches,LOG
Longueau,LUA
Longueil-Annel,LPK
Longueil-Sainte-Marie,LUE
Longuerue - Vieux-Manoir,LWM
Longueville,LON
Longueville-sur-Scie,LEV
Longuyon,LGN
Longwy,LWY
Lons-le-Saunier,LLS
Loos lez Lille,LLZ
Loos-en-Gohelle,LQG
Loreux,LXU
Lorient Bretagne Sud,LRT
Loriol-sur-Drôme,LOL
Lorraine TGV,TGL
Lothiers,LOT
Louhans,LHN
Loulay,LLY
Lourches,LOU
Lourdes,LDS
Louroux-de-Bouble,LXB
Louveciennes,LFC
Louverné,LVX
Louvres,LOV
Louvroil,LWF
Lozanne,LOZ
Luant,LUK
Luc,LCZ
Luc-en-Diois,LDE
Luc-la-Primaube,LPA
Lucé,LCJ
Ludon-Médoc,LXN
Ludres,LUD
Lumes,LUQ
Lunas,LKH
Lunel,LUN
Lunel-Viel,LWQ
Lunery,LNY
Lunéville,LNE
Lurbe-Saint-Christau,CLE
Lure,LUR
Lus-la-Croix-Haute,LCX
Lusignan,LUI
Lussac-les-Châteaux,LLX
Luttenbach-près-Munster,LFZ
Lutterbach,LUT
Lutzelbourg,LZF
Lutzelhouse,LZH
Luxeuil-les-Bains,LXL
Luxé,LXC
Luzarches,LUZ
Luzenac - Garanou,LUG
Luzy,LUY
Luçon,LRK
Lycée Henri Sellier,LHS
Lyon Gorge de Loup,LYL
Lyon Jean Macé,LJC
Lyon Part Dieu,LYD
Lyon Perrache,LPR
Lyon Saint-Exupéry TGV,SXA
Lyon Saint-Paul,LSP
Lyon Vaise,LVI
Lépin-le-Lac - La Bauche,LPL
Lérouville,LEL
Lézignan-Corbières,LZA
Macau,MCA
Machecoul,MCC
Machilly,MCI
Magalas,MGA
Magenta,MAG
Magland,MGD
Magnac - Vicq,MGQ
Magnette,MGR
Magneux - Courlandon,MXN
Magny - Blandainville,MBW
Mailly-la-Ville,MIY
Maillé,MAX
Maintenon,MTN
Maisons-Alfort - Alfortville,MFA
Maisons-Laffitte,MLF
Maisse,MSN
Maizières-lès-Metz,MMZ
Malansac,MLO
Malaunay - Le Houlme,MUA
Malause,MSP
Malesherbes,MAL
Malling,MKG
Mamirolle,MIJ
Mandelieu-la-Napoule,MPV
Manosque - Gréoux-les-Bains,MNQ
Mantes Station,MTQ
Mantes-la-Jolie,MTE
Marbache,MAH
Marcelcave,MCV
Marcheprime,MCP
Marchezais - Broué,MBR
Mareil-Marly,MPJ
Mareil-sur-Mauldre,MJM
Maresquel-Ecquemicourt,MQU
Mareuil-sur-Ourcq,MAQ
Margaux,MGU
Margival,MIV
Marienthal,MTK
Marignier,MRG
Marigny,MRJ
Marle sur Serre,MRO
Marles-en-Brie,MLB
Marlieux - Châtillon,MXC
Marly-le-Roi,MLR
Marmagne,MMH
Marmagne sous Creusot,MMS
Marmande,MMD
Marne-la-Vallée Chessy,MLV
Maroeuil,MUI
Marolles-en-Hurepoix,MSX
Maromme,MRM
Marquillies,MQS
Marquise - Rinxent,MRX
Marquixanes,MQG
Marsac,MRR
Marseillan Plage,MPP
Marseille Blancarde,MBC
Marseille Saint-Charles,MSC
Marseille-en-Beauvaisis,MAI
Marssac-sur-Tarn,MSS
Martigné-Ferchaud,MAF
Martigues,MTG
Martres-Tolosane,MXA
Marvejols,MVJ
Masseret,MST
Massiac - Blesle,MIA
Massy - Palaiseau,MPU
Massy - Verrières,MVW
Massy TGV,MPW
Massérac,MWK
Matzenheim,MHW
Maubeuge,MBG
Maule,MAE
Maurecourt,MRK
Maurois,MAK
Maurs,MRS
Mauves-sur-Loire,MUE
Mauzac-et-Grand-Castang,MZJ
Mauzens-et-Miremont,MZX
Mauzé-sur-le-Mignon,MAZ
Mayet,MYT
Mazamet,MZT
Mazingarbe,MJG
Meaux,MEA
Mehun-sur-Yèvre,MHY
Melun,MEL
Menars,EIR
Mende,MDE
Mennecy,MNY
Mennessis,MKI
Mennetou-sur-Cher,MNN
Menton,MEN
Menton Garavan,MNJ
Mer,MER
Mertzwiller,MZW
Mervans,MRV
Merxheim,MXH
Messac - Guipry,MES
Messein,MSJ
Mesves - Bulcy,MVU
Mesvres,MWB
Metz,MZE
Metz Nord,MZD
Metzeral,MZL
Meudon,MDN
Meudon Val Fleury,MFY
Meulan - Hardricourt,MHD
Meung-sur-Loire,MGL
Meurchin,MHN
Meursault,MAT
Meuse TGV,TGM
Meximieux - Pérouges,MEX
Meymac,MYC
Meyrargues,MEY
Mignaloux - Nouaillé,MGX
Milhac-d'Auberoche,MCB
Milhaud,MHU
Millas,MYR
Millau,MAU
Milly-sur-Thérain,MYH
Miniac-Morvan,MIN
Mionnay,MIO
Miramas,MAS
Miraumont,MIK
Miribel,MIB
Mitry - Claye,MYV
Modane,MOD
Mohon,MNH
Moirans,MOA
Moirans La Galifette,MFE
Moissac,MOI
Molsheim,MOL
Mommenheim,MOH
Monestier-de-Clermont,MDC
Monistrol-d'Allier,MNR
Monnaie,MON
Monnerville,MWW
Monsempron-Libos,MLS
Mont de Terre,MXT
Mont-Dauphin - Guillestre,MOG
Mont-Louis - La Cabanasse,MTC
Mont-de-Marsan,MMR
Mont-sur-Meurthe,MMT
Montaignac-Saint-Hippolyte,MCE
Montaigu,MTV
Montaigut-le-Blanc,MUF
Montargis,MSR
Montastruc-la-Conseillère,MCL
Montataire,MOO
Montauban Ville Bourbon,MBN
Montauban-de-Bretagne,MDT
Montaudran,MQN
Montaut Bétharram,MHZ
Montbard,MBA
Montbarrey,MXB
Montbartier,MNG
Montbazon,MNZ
Montbizot,MBZ
Montbrison,MOB
Montbéliard,MBD
Montceau-les-Mines,MMI
Montchanin,MCH
Montdidier,MTD
Monte-Carlo Country Club,MHC
Montendre,MMM
Montereau,MTU
Montescourt-Lizerolles,MCU
Monteux,MTX
Montfavet,MFT
Montferrand - Thoraise,MFH
Montfort-l'Amaury - Méré,MLM
Montfort-le-Gesnois,MLG
Montfort-sur-Meu,MFS
Montgeron - Crosne,KRW
Montgeroult - Courcelles,MKU
Monthermé,MME
Montigny - Beauchamp,MBP
Montigny-en-Ostrevent,MYO
Montigny-sur-Loing,MKN
Montivilliers,MVL
Montlaur,MKJ
Montlouis-sur-Loire,NTU
Montluel,MLU
Montluçon,MLN
Montluçon Rimard,NTL
Montmoreau,MMA
Montmorillon,MMN
Montmédy,MDY
Montmélian,MML
Montoir-de-Bretagne,MDB
Montpaon,MNP
Montpellier Saint-Roch,MPL
Montpellier Sud de France,MSF
Montpon-Ménestérol,MPI
Montrabé,MTB
Montreuil,MFL
Montreuil sur Mer,MOM
Montreuil-Bellay,MBL
Montreuil-sur-Ille,MSI
Montreuil-sur-Thérain,MTF
Montreux-Vieux,MVX
Montrichard,MRD
Montroc le Planet,MKZ
Montrond-les-Bains,MRB
Montry - Condé,MYD
Montréjeau - Gourdan-Polignan,MTJ
Monts,MSD
Montsoult - Maffliers,MSO
Montsûrs,MSW
Montville,MVE
Montélimar,MTR
Montérolier - Buchy,MBY
Monéteau - Gurgy,MEG
Moosch,MWH
Morannes,MNS
Morbier,MKE
Morcenx,MCX
Moret - Veneux-les-Sablons,MOR
Moreuil,MRE
Morez,MRZ
Morgny-la-Pommeraye,MGN
Morhange,MHG
Morières-lès-Avignon,MVG
Morlaix,MXR
Mormant,MRT
Morre,MOE
Mortcerf,MOF
Morteau,MTO
Morvillars,MOV
Mothern,MQW
Motteville,MOT
Mouans-Sartoux,MUU
Mouchard,MCD
Moulin Galant,MJW
Moulins sur Allier,MSA
Moulis - Listrac,MUL
Moult - Argences,MTA
Mourmelon-le-Petit,MLP
Mouroux,MXK
Moustéru,MUW
Mouy - Bury,MUY
Moyeuvre-Grande,MGK
Moûtiers - Salins - Brides-les-Bains,MOS
Muhlbach-sur-Munster,MHK
Muizon,MIZ
Mulhouse,MSE
Mulhouse Dornach,MDQ
Mulhouse Musées,JFJ
Mulhouse Zu Rhein,ZUR
Mullerhof,MFX
Munchhausen,MHQ
Mundolsheim,MUM
Munster,MUT
Munster Badischhof,MUB
Murat,MUR
Muret,MET
Mussidan,MUS
Musée d'Orsay,MDS
Mutzig,MTZ
Mâcon,MAC
Mâcon Loché TGV,MLH
Mâlain,MLI
Ménil Flin,MFN
Mérens-les-Vals,MLX
Mérenvielle,MWE
Méricourt - Ribemont,MTL
Mériel,MVC
Mérignac Arlac,MRF
Méru,MRU
Méry-sur-Oise,MWO
Mézidon-Canon,MEZ
Mézériat,MZF
Naintré,NIB
Najac,NAJ
Namps - Quevauvillers,NAQ
Nancy,NCY
Nangis,NAN
Nanterre Université,NUN
Nantes,NTS
Nanteuil - Saâcy,NAU
Nanteuil-le-Haudouin,NHY
Nantiat,NNA
Nançois - Tronville,NAE
Narbonne,NBN
Naucelle,NCE
Neau,NEA
Nemours - Saint-Pierre,NSP
Nerpuy,NPY
Nesle,NES
Neufchâteau,NCH
Neufchâtel-Hardelot,NHA
Neuilly - Porte Maillot,NPT
Neuillé-Pont-Pierre,NPP
Neussargues,NEU
Neuves-Maisons,NAS
Neuvic,NVC
Neuville Université,NUE
Neuville-sur-Sarthe,NER
Neuvy-Pailloux,NPO
Nevers,NVS
Nevers Le Banlay,NVB
Nexon,NNF
Nice,NIC
Nice Pont Michel,NPM
Nice Riquier,NIR
Nice Saint-Augustin,NIA
Niederbronn-les-Bains,NLB
Nieppe,NPE
Nieul,NEW
Niolon,NLO
Niort,NRT
Niversac,NEC
Nogent - Le Perreux,NLP
Nogent-l'Artaud - Charly,NAA
Nogent-le-Rotrou,NGR
Nogent-sur-Seine,NOG
Nogent-sur-Vernisson,NGI
Nointel - Mours,NOJ
Noisy-le-Roi,NIO
Noisy-le-Sec,NSY
Noizay,NIY
Nomain,NOM
Nonancourt,NCO
Nort-sur-Erdre,NSE
Nortkerque,NKQ
Notre-Dame de Briançon,NAB
Notre-Dame-d'Oé,NDA
Nouan-le-Fuzelier,NOF
Nouvion-sur-Meuse,NSM
Nouzonville,NOU
Novillars,NOV
Novéant-sur-Moselle,NEN
Noyal - Acigné,NOC
Noyelles-sur-Mer,NOE
Noyen-sur-Sarthe,NON
Noyon,NOY
Nozières - Brignon,NOZ
Nuits sous Ravières,NUR
Nuits-Saint-Georges,NUI
Nurieux-Volognat,NEX
Nyer,NYE
Négrondes,NEG
Nérondes,NDS
Nézel - Aulnay,NZL
Nîmes,NMS
Nîmes Pont du Gard,NIM
Nœux-les-Mines,NOX
Obermodern-Zutzendorf,OBM
Obernai,OBE
Objat,OBT
Oderen,ODE
Oermingen,OER
Ogeu-les-Bains,OLB
Oissel,OSL
Olette - Canaveilles,OLE
Ollioules - Sanary-sur-Mer,OLL
Olonne-sur-Mer,OSM
Oloron-Sainte-Marie,OLN
Ondres,OND
Onville,ONV
Onzain - Chaumont-sur-Loire,OZA
Orange,OGE
Orangis Bois de l'Épine,OBP
Orchamps,ORA
Orchies,ORC
Orgerus - Béhoust,OGB
Orgon,ORG
Origny-en-Thiérache,OGY
Orly Ville,OYI
Orléans,ORL
Ormoy-Villers,ORM
Orry-la-Ville - Coye,ORY
Ors,ORZ
Orthez,ORT
Osny,OSN
Ossun,OSQ
Ossès - Saint-Martin-d'Arrossa,OSS
Osséja,OSA
Ostricourt,OIC
Oudon,ODK
Ouges,OUS
Oullins,OUL
Ourscamps,OUA
Oyonnax,OYO
Ozoir-la-Ferrière,OZF
Pagny-le-Château,PYK
Pagny-sur-Meuse,PYM
Pagny-sur-Moselle,PMO
Paimpol,PIP
Pamiers,PMS
Pamproux,PAP
Pantin,PAN
Paray-le-Monial,PLM
Parc des Expositions,PEX
Parempuyre,PPY
Parent - Coudes - Champeix,PCC
Paris Austerlitz,PAZ
Paris Austerlitz,PAZ_TRANS
Paris Bercy Bourgogne - Pays d'Auvergne,PBY
Paris Est,PES
Paris Gare de Lyon,PLY
Paris Gare de Lyon,PAA
Paris Gare du Nord,PNO
Paris Gare du Nord,PNO_TRANS
Paris Gare du Nord,GDS
Paris Montparnasse,PMP
Paris Montparnasse,PVA
Paris Saint-Lazare,PSL
Parsac - Gouzon,PCG
Pas des Lanciers,PDL
Pau,PAU
Pauillac,PAC
Paulhaguet,PLH
Pavilly,PSB
Peille,PEI
Peillon Sainte-Thècle,PXT
Peltre,PTE
Penhoët,SZP
Penne-d'Agenais,PNE
Penthièvre,PTW
Pernes - Camblain,PEC
Perpignan,PPN
Perrignier,PEG
Pers,PEK
Persan - Beaumont,PEB
Pessac,PSC
Pessac Alouette,ATF
Petit Jouy - Les Loges,PJZ
Petit Vaux,PVY
Petit-Croix,PZC
Peyrehorade,PRH
Peyrilhac - Saint-Jouvent,PYJ
Pezou,PEZ
Phalempin,PHA
Pibrac,PBR
Picon Busserine,XPC
Picquigny,PIQ
Pierre-Buffière,PIB
Pierre-Bénite,PRB
Pierrefitte - Stains,PRF
Pierrelatte,PRL
Pierrelaye,PRY
Pignans,PIG
Pihen-lès-Guînes,PHV
Pins-Justaret,PJT
Plaisir - Grignon,PGS
Plaisir - Les Clayes,PIE
Plancoët,PLA
Planès,PNW
Plerguer,PGE
Plestan,PLE
Pleudihen-sur-Rance,PUH
Pleyber-Christ,PBC
Plouaret Trégor,PLT
Plougonver,PGO
Plouharnel - Carnac,PLC
Plouigneau,PGU
Plounérin,PNR
Plouvara - Plerneuf,PPF
Pléchâtel,PCT
Plénée-Jugon,PLJ
Podensac,POD
Pointe de Grave,PDG
Poissy,PSY
Poitiers,PST
Poix-Terron,PIX
Poix-de-Picardie,PDP
Poligny,PGN
Poliénas,POS
Polliat,PLF
Pomas,PMA
Pommevic,PMV
Pompey,PPE
Pons,PNP
Pont Cardinet,PTC
Pont Petit,PPT
Pont d'Ardres,PRD
Pont de Bois,PPB
Pont de Briques,PRS
Pont de Dore,PDO
Pont de Lignon,PJL
Pont de Rungis Aéroport d'Orly,PRU
Pont de Sallaumines,PSJ
Pont de l'Alma,PDM
Pont de la Deûle,PDD
Pont du Garigliano - Hôpital Européen Georges Pompidou,BVI
Pont-Hébert,PNT
Pont-Melvez,PMZ
Pont-Remy,PRM
Pont-Saint-Vincent,PSV
Pont-Sainte-Maxence,PXE
Pont-d'Ain,PDA
Pont-de-Buis,PBU
Pont-de-Veyle,PEL
Pont-de-l'Arche,PAR
Pont-du-Casse,PUC
Pont-du-Château,PCV
Pont-l'Évêque,PVQ
Pont-sur-Yonne,PUY
Pont-à-Mousson,PAM
Pont-à-Vendin,PAV
Pontanevaux,PNX
Pontarlier,PTL
Pontchaillou,PCI
Pontcharra - Saint-Forgeux,PNF
Pontcharra sur Bréda,PCA
Pontchâteau,PCU
Pontgouin,PNN
Ponthierry - Pringy,POP
Pontmort,PMT
Pontoise,PSE
Pontorson - Mont-Saint-Michel,PON
Pontrieux,PUX
Pontrieux Halte,PXH
Porchefontaine,POA
Pornic,PNC
Pornichet,PNI
Port Boulet,PBT
Port-Brillet,PTT
Port-Saint-Père - Saint-Mars,PXS
Port-Sainte-Marie,PSM
Port-Vendres,POV
Port-de-Bouc,PDB
Port-de-Piles,PPJ
Port-la-Nouvelle,PLN
Porte de Clichy,PCL
Portet Saint-Simon,PSS
Portets,PRV
Porté-Puymorens,PPM
Pougny - Chancy,PJY
Pougues-les-Eaux,PSU
Pouilly-sur-Loire,PYL
Pouxeux,PXX
Pouzauges,PZK
Prades - Molitg-les-Bains,PDS
Preignac,PRG
Presles Courcelles,PRQ
Prin-Deyrançon,PND
Pringy,PGY
Prissé-la-Charrière,PIH
Prouvy - Thiant,PRT
Provenchères-sur-Fave,PVF
Provins,PRO
Prunay,PWH
Pruniers-en-Sologne,PUZ
Précy-sur-Oise,PYO
Puget-Ville,PVI
Puteaux,PTX
Puybrun,PBN
Puyoô,PUO
Péreire - Levallois,PRR
Pérenchies,PHI
Périgueux,PXR
Périgueux Saint-Georges,PSG
Pérols-sur-Vézère,POK
Questembert,QUE
Quiberon,QBP
Quimper,QPR
Quimperlé,QPL
Quincieux,QUX
Quédillac,QDC
Rabastens - Coufouleux,RAB
Raedersheim,RHM
Raismes,RAS
Rambouillet,RBT
Ranchot,RNH
Rang-du-Fliers - Verton - Berck,RDF
Ranguin,RGN
Ranspach,BJW
Raon-l'Étape,RAO
Rassuen,RAU
Razac-sur-l'Isle,RZA
Recquignies,RCQ
Redon,RDN
Reichshoffen,RHV
Reignac-sur-Indre,RGA
Reignier-Ésery,REI
Reims,RMS
Reims Maison Blanche,RSN
Remiremont,RMT
Remise à Jorelle,RJL
Remy,REY
Renescure,RSC
Rennes,RES
Rethel,RTL
Retiers,RTI
Retournac,RET
Reuilly,REL
Revigny-sur-Ornain,REV
Revin,RVI
Rezé Pont Rousseau,RPT
Ria-Sirach,RAJ
Ribécourt-Dreslincourt,RIB
Riedseltz,RTZ
Rieux - Angicourt,RIA
Rilly-la-Montagne,RAG
Riom - Châtel-Guyon,RIO
Ris-Orangis,RIS
Rivarennes,RVQ
Rive-de-Gier,RGR
Rives,RIV
Rivesaltes,RVT
Rixheim,RHE
Roanne,ROA
Rocamadour - Padirac,RAP
Roche-lez-Beaupré,RBE
Rochefort,RCT
Rochy-Condé,RCY
Rodez,RDZ
Roeschwoog,RWG
Rognac,RGC
Roissy-en-Brie,ROB
Rolleville,ROL
Romans - Bourg-de-Péage,ROM
Romanèche-Thorins,RHR
Rombas - Clouange,RBS
Romilly-la-Puthenaye,RYP
Romilly-sur-Seine,RMY
Romorantin-Lanthenay,RMA
Ronchamp,RCP
Ronchin,ROC
Roppenheim,RHI
Roquebrune-Cap-Martin,CQR
Roquesérière - Buzet,RQE
Rosa Parks,ROK
Roscoff,RFF
Rosheim,ROH
Rosières-aux-Salines,ROI
Rosières-en-Santerre,ROS
Rosny Bois Perrier,RBI
Rosny-sous-Bois,RSB
Rosny-sur-Seine,RSS
Rosporden,RSP
Rosult,ROT
Rothau,RTH
Roubaix,RXB
Rouen Rive Droite,RRD
Rouessé-Vassé,REE
Rouffach,RAH
Rougemont Chanteloup,ROU
Rouillé,RIL
Roumazières-Loubert,RZS
Rountzenheim,RZH
Route de Launaguet,RLA
Royan,ROY
Royat - Chamalières,RYA
Rue,RUE
Ruelle-sur-Touvre,RUL
Ruffec,RUG
Ruffey-lès-Echirey,RFY
Rully,RLY
Rumilly,RUM
Ruminghem,RGM
Rungis La Fraternelle,RFL
Russ Hersbach,RHH
Réaumont - Saint-Cassien,RCS
Réding,RDG
Régny,RGY
Rémelfing,RFG
Rémilly,RMI
Rœux,RUX
Saales,SAA
Sablé-sur-Sarthe,SAB
Saillagouse,SGW
Saillans,SIA
Saillat - Chassenon,XDO
Sain-Bel,SBL
Saincaize-Meauce,SZE
Sains-du-Nord,SAW
Saint-Agnan,XAN
Saint-Agne,XAE
Saint-Aignan - Noyers,SAN
Saint-Aigulin - La Roche-Chalais,SAI
Saint-Amand-Longpré,SDV
Saint-Amand-Montrond - Orval,SAD
Saint-Amand-les-Eaux,SAM
Saint-Amarin,XAR
Saint-Amour,SAR
Saint-André-de-Corcy,SAY
Saint-André-de-Cubzac,SAC
Saint-André-le-Gaz,SAG
Saint-André-lez-Lille,STA
Saint-Antoine,SNT
Saint-Antoine-de-Breuilh,XAB
Saint-Antoine-du-Rocher,XAO
Saint-Armel,XAL
Saint-Astier,STK
Saint-Aubin - Saint-Luperce,SBP
Saint-Aubin-sur-Scie,SBE
Saint-Aulaire,XUL
Saint-Aunès,XAU
Saint-Avold,SVD
Saint-Avre - La Chambre,SVB
Saint-Ay,LBZ
Saint-Blaise-la-Roche Poutay,SZR
Saint-Bonnet-de-Rochefort,SBD
Saint-Brice-sur-Vienne,XBV
Saint-Brieuc,SBC
Saint-Béron - La Bridoire,SBR
Saint-Chamas,SHY
Saint-Chamond,SCM
Saint-Christophe-Vallon,SIH
Saint-Chély-d'Apcher,SYH
Saint-Chéron,SCW
Saint-Clair - Les Roches,SKR
Saint-Claude,SCL
Saint-Cloud,SCD
Saint-Clément - Laronxe,SCX
Saint-Cyprien,SCQ
Saint-Cyprien Arènes,TEW
Saint-Cyr Les Lecques - La Cadière,SAQ
Saint-Cyr-en-Val La Source,SCV
Saint-Cyr-l'École,SCR
Saint-Césaire,SCS
Saint-Dalmas de Tende,SDD
Saint-Denis,SDE
Saint-Denis-de-Pile,XDS
Saint-Denis-des-Murs,XDN
Saint-Denis-lès-Martel,SDM
Saint-Dizier,SDZ
Saint-Dié-des-Vosges,STD
Saint-Erme-Outre-et-Ramecourt,SER
Saint-Fargeau-Ponthierry,XFA
Saint-Florent-sur-Cher,SFT
Saint-Florentin - Vergigny,SIF
Saint-Flour - Chaudes-Aigues,SFC
Saint-Fons,SFS
Saint-Féliu-d'Avall,FDL
Saint-Gaudens,SGD
Saint-Geniès-de-Malgoirès,XGE
Saint-Genouph,SCO
Saint-Georges-d'Aurac,SGA
Saint-Georges-de-Commiers,SGC
Saint-Georges-de-Luzençon,SDU
Saint-Georges-de-Reneins,SDI
Saint-Geours-de-Maremne,SGQ
Saint-Germain-au-Mont-d'Or,SGO
Saint-Germain-des-Fossés,SGF
Saint-Germain-du-Puy,SGP
Saint-Germain-en-Laye Bel-Air - Fourqueux,EBL
Saint-Germain-en-Laye Grande Ceinture,SGM
Saint-Germain-les-Belles,SGN
Saint-Germain-sur-Ille,SMW
Saint-Gervais-les-Bains Le Fayet,SGB
Saint-Gildas-des-Bois,SOK
Saint-Gilles Lycée Haut-Rhin,GLL
Saint-Gilles-Croix-de-Vie,SGV
Saint-Gratien,SGT
Saint-Hilaire - Brizambourg,SBZ
Saint-Hilaire - Saint-Nazaire,SHN
Saint-Hilaire-de-Chaléons,ILA
Saint-Hilaire-de-Riez,SHZ
Saint-Hilaire-sur-Helpe,XHI
Saint-Jacques-de-la-Lande,SJJ
Saint-Jean-Pied-de-Port,SJP
Saint-Jean-d'Angély,SJA
Saint-Jean-de-Losne,SJL
Saint-Jean-de-Luz - Ciboure,SJZ
Saint-Jean-de-Maurienne Arvan,SJM
Saint-Jean-de-Verges,JNV
Saint-Jodard,SNJ
Saint-Jory,SJY
Saint-Joseph le Castellas,XJC
Saint-Julien - Clénay,SJQ
Saint-Julien-du-Sault,SJX
Saint-Julien-en-Genevois,SJG
Saint-Junien,SJU
Saint-Just-en-Chaussée,SJS
Saint-Laurent - Gainneville,XLG
Saint-Laurent-d'Aigouze,XLZ
Saint-Laurent-de-la-Prée - Fouras,SSC
Saint-Laurent-du-Var,SNV
Saint-Laurent-en-Grandvaux,SLJ
Saint-Leu-d'Esserent,SLT
Saint-Leu-la-Forêt,SLF
Saint-Lothain,XLN
Saint-Loubès,SIT
Saint-Louis,STL
Saint-Louis La Chaussée,SLU
Saint-Léger-sur-Dheune,SLH
Saint-Léon-sur-l'Isle,XLI
Saint-Léonard-de-Noblat,SLE
Saint-Lô,SLO
Saint-Macaire,SNW
Saint-Maixent-L'École,SMX
Saint-Malo,SMP
Saint-Mammès,SFI
Saint-Marcel,SMA
Saint-Marcel en Dombes,STM
Saint-Marcellin,SCI
Saint-Mariens - Saint-Yzan,SMS
Saint-Mars-la-Brière,SRL
Saint-Martin d'Étampes,SME
Saint-Martin du Touch,SMT
Saint-Martin-d'Oney,XMN
Saint-Martin-de-Crau,SMD
Saint-Martin-du-Mont,XMM
Saint-Martin-du-Vivier,XVV
Saint-Martin-le-Beau,XMK
Saint-Martory,SYM
Saint-Mathurin-sur-Loire,SNZ
Saint-Maurice-de-Beynost,SMY
Saint-Michel - Valloire,SMI
Saint-Michel Notre-Dame,SHL
Saint-Michel-sur-Meurthe,SSM
Saint-Michel-sur-Orge,SHO
Saint-Médard-d'Eyrans,SYS
Saint-Médard-de-Guizières,SMZ
Saint-Médard-sur-Ille,XED
Saint-Nabord,XNB
Saint-Nazaire,SNA
Saint-Nom-la-Bretèche Forêt de Marly,SNB
Saint-Omer,STO
Saint-Omer-en-Chaussée,SHS
Saint-Ouen,SOS
Saint-Ouen-l'Aumône,SOA
Saint-Ouen-l'Aumône Liesse,SOL
Saint-Ouen-l'Aumône Quartier de l'Église,XOA
Saint-Paterne-Racan,SPN
Saint-Patrice,XPR
Saint-Paul-de-Varax,SVX
Saint-Piat,SPI
Saint-Pierre-Quiberon,SQN
Saint-Pierre-d'Albigny,SPA
Saint-Pierre-d'Aurillac,SPX
Saint-Pierre-de-Chignac,XPH
Saint-Pierre-des-Corps,SPC
Saint-Pierre-du-Vauvray,SPY
Saint-Pierre-en-Faucigny,SPE
Saint-Pierre-la-Cour,SPW
Saint-Pierre-le-Moûtier,SPM
Saint-Pierre-sur-Dives,SPD
Saint-Pol-de-Léon,SPL
Saint-Pol-sur-Ternoise,SPT
Saint-Priest,SPR
Saint-Priest-Taurion,TIO
Saint-Pé-de-Bigorre,XPE
Saint-Quentin,SQT
Saint-Quentin en Yvelines - Montigny-le-Bretonneux,SQY
Saint-Quentin-Fallavier,SQF
Saint-Rambert-d'Albon,SRA
Saint-Rambert-en-Bugey,SBB
Saint-Raphaël,SRV
Saint-Remy-en-l'Eau,RLE
Saint-Roch,SRO
Saint-Romain-de-Popey,SNP
Saint-Romain-le-Puy,SRP
Saint-Rome-de-Cernon,SDO
Saint-Saturnin-lès-Avignon,SSA
Saint-Savinien,SNH
Saint-Saviol,SSV
Saint-Senoux - Pléchâtel,XSX
Saint-Seurin-sur-l'Isle,SUN
Saint-Sulpice (Tarn),SST
Saint-Sulpice - Auteuil,SUP
Saint-Sulpice - Izon,IZR
Saint-Sulpice-Laurière,SSL
Saint-Symphorien-de-Marmagne,XSY
Saint-Sébastien,SBF
Saint-Sébastien Frêne Rond,XTD
Saint-Sébastien Pas Enchantés,XTX
Saint-Thégonnec,STH
Saint-Vallier sur Rhône,SUO
Saint-Victor - Thizy,SVH
Saint-Victor-l'Abbaye,SIC
Saint-Victurnien,SIV
Saint-Vincent le Château,SWC
Saint-Vincent-de-Tyrosse,SVT
Saint-Vit,SVI
Saint-Yrieix-la-Perche,SYX
Saint-Égrève Saint-Robert,SEG
Saint-Émilion,SEI
Saint-Étienne Bellevue,SEB
Saint-Étienne Carnot,SEO
Saint-Étienne Châteaucreux,SEN
Saint-Étienne La Terrasse,SET
Saint-Étienne Le Clapier,SEC
Saint-Étienne-de-Montluc,SDQ
Saint-Étienne-du-Rouvray,SDR
Sainte-Anne,YAN
Sainte-Bazeille,XBZ
Sainte-Colombe,XCB
Sainte-Colombe Septveilles,XCS
Sainte-Cécile-d'Andorge,SCZ
Sainte-Eulalie - Carbon-Blanc,SEK
Sainte-Foy-la-Grande,SFY
Sainte-Gauburge,SGG
Sainte-Geneviève-des-Bois,SXG
Sainte-Lizaigne,XZG
Sainte-Léocadie,XLE
Sainte-Marthe en Provence,SAH
Sainte-Maure - Noyant,SYT
Sainte-Pazanne,SPZ
Saintes,SKW
Salbris,SAP
Sallanches - Combloux - Megève,SLS
Sallaumines,SLI
Salles-Courbatiès,SIR
Salomé,SWM
Salon-de-Provence,SON
Salses-le-Château,SAL
Sannois,SNN
Sanry-sur-Nied,SWN
Santenay les Bains,SLB
Santes,STS
Santeuil - Le Perchay,XPY
Sarcelles - Saint-Brice,SLL
Sarlat-la-Canéda,SLQ
Sarliève - Cournon,SLC
Sarralbe,SRB
Sarrebourg,SBG
Sarreguemines,SGS
Sarreinsming,SRG
Sartrouville,SVL
Sathonay - Rillieux,SYR
Saubusse,SQB
Saujon,SJW
Saulon,SLN
Saumur,SUD
Sausset-les-Pins,SPJ
Sauto,TOX
Sauveterre-la-Lémance,SVE
Savenay,SNY
Savennières - Béhuard,ZVN
Saverdun,SRN
Saverne,SNE
Savigny-le-Temple - Nandy,ZTN
Savigny-sur-Orge,SAO
Savonnières,ZVO
Savy-Berlette,ZYB
Saône,SAZ
Sceaux - Boëssé,SBO
Scherwiller,HWL
Schirmeck - La Broque,SCK
Schweighouse-sur-Moder,SWG
Schwindratzheim,HWM
Seclin,SCN
Sedan,SED
Selles-Saint-Denis,SSD
Selles-sur-Cher,SUC
Seltz,SSZ
Sennecey-le-Grand,SRD
Senozan,SOZ
Sens,SES
Sept-Saulx,ZSX
Septèmes-les-Vallons,SEP
Serdinya,ZDI
Sermaise,SXE
Sermizelles - Vézelay,SZZ
Serqueux,SEQ
Serquigny,SYD
Serres,SRE
Servas - Lent,SVN
Servon-sur-Vilaine,SVO
Servoz,SVZ
Sessenheim,ZHM
Seugy,SWY
Seurre,SEU
Sevran - Livry,SEV
Sevran Beaudottes,BDE
Seyssel - Corbonod,SSS
Sierck-les-Bains,SIK
Sierentz,SEZ
Sillé-le-Guillaume,SLG
Simandre-sur-Suran,SUS
Simiane-Collongue,SIE
Sin-le-Noble,SIN
Siorac-en-Périgord,SOC
Sisteron,SIO
Soissons,SOI
Solignac - Le Vigen,SKN
Solliès-Pont,SIP
Somain,SOM
Sommery,SKY
Sorgues - Châteauneuf-du-Pape,SCP
Sospel,SOP
Sotteville-lès-Rouen,SOV
Souillac,SOU
Soulac-sur-Mer,SUU
Soultz-sous-Forêts,SSF
Souppes - Château-Landon,SPP
Sous le Bois,SBS
Stade de France Saint-Denis,SFD
Staffelfelden,TFE
Steenbecque,SBQ
Steenwerck,SWK
Steinbourg,SNG
Stephansfeld,SFX
Strasbourg,STG
Strasbourg Roethig,SQG
Strazeele,STZ
Sucé-sur-Erdre,SUF
Surdon,SDN
Suresnes Mont Valérien,SMV
Surgères,SGE
Survilliers - Fosses,SUR
Sury-le-Comtal,SYC
Suèvres,SVK
Sète,STE
Sèvres - Ville-d'Avray,VDV
Sèvres Rive Gauche,SVR
Sées,SKS
Sélestat,STT
Sénas,SUT
Séon Saint-Henri,ZSH
Sérifontaine,DCR
Sérézin-du-Rhône,SZN
Sévérac,SVG
Sévérac-d'Aveyron,SVC
Tacoignières - Richebourg,TAE
Taconnaz,TAC
Tain-l'Hermitage - Tournon,TAI
Tanus,FWD
Tarare,TAR
Tarascon,TCN
Tarascon-sur-Ariège,TRC
Tarbes,TBS
Tassin,TAS
Taverny,TVY
Teillé,TEI
Templeuve,TEM
Tenay - Hauteville,TEN
Tende,TND
Tergnier,TGR
Terrasson-Lavilledieu,TOD
Tessonnières,TES
Teting-sur-Nied,TET
Thann,THA
Thann Centre,THJ
Thann Saint-Jacques,THD
Thaon-les-Vosges,TAO
Theillay,THY
Thenissey,TEY
Thenon,THN
Thiaville-sur-Meurthe,TIA
Thiennes,TEE
Thiers,THI
Thieux - Nantouillet,TNT
Thionville,THL
Thiviers,TIV
Thomery,TMR
Thonon-les-Bains,THO
Thouars,THQ
Thouaré-sur-Loire,THE
Thourotte,LTC
Thun le Paradis,TPA
Thuès Carença,THG
Thuès les Bains,THB
Théoule-sur-Mer,THM
Thésée,TYQ
Thézy-Glimont,TZY
Tieffenbach - Struth,FOX
Tiercé,TCE
Tincques,TIN
Tonnay-Charente,TNC
Tonneins,TON
Tonnerre,TNE
Torfou-Sèvremoine,TFU
Torpes - Boussières,GZO
Toul,TOL
Toulon,TLN
Toulouse Matabiau,TSE
Tourcoing,TRG
Tournan-en-Brie,TOU
Tournay,TRY
Tournemire - Roquefort,TEO
Tournus,TOS
Tours,TRS
Tourville-la-Rivière,TVI
Toury,TYK
Touët-de-l'Escarène,TDO
Tracy - Sancerre,TAY
Traou Nez,TUN
Trappes,TVO
Trentels Ladignac,TTL
Tricot,TTR
Trie-Château,TRH
Triel-sur-Seine,TSS
Trilport,TLP
Trith-Saint-Léger,TSL
Trois Chênes,TCS
Tronsanges,TSG
Trouville - Deauville,TDE
Troyes,TOY
Trégonneau - Squiffiec,TGS
Trélazé,TLZ
Trémolat,TMA
Tulle,TUL
Tullins Fures,TLE
Turckheim,TKM
Turenne,TUR
Uchaud,UCD
Uckange,UCK
Ur - Les Escaldes,URL
Urmatt,URM
Urt,URT
Urçay - La Perche,UCY
Us,USQ
Ussel,USL
Ustaritz Jatxou,USZ
Uzerche,URE
Vaas,VAH
Vaires - Torcy,VAI
Val d'Argenteuil,VDA
Val de Fontenay,VDF
Val-de-Reuil,VDR
Val-de-Vesle,VVM
Valdahon,LVN
Valdahon Camp Militaire,VMI
Valence,VCE
Valence TGV Rhône-Alpes Sud,VAL
Valence d'Agen,VCD
Valenciennes,VSN
Valençay,VNY
Valergues - Lansargues,VGU
Valleiry,VEY
Valleroy - Moineville,VOY
Vallon-en-Sully,VLL
Vallorcine,VLO
Valmondois,VMD
Valognes,VAS
Vandières,VNU
Vannes,VAN
Vanves - Malakoff,VMK
Varades - Saint-Florent le Vieil,VDE
Varangéville - Saint-Nicolas,VRA
Varennes-sur-Allier,VAA
Varennes-sur-Fouzon,VZO
Varetz,VEZ
Varilhes,VIH
Vauboyen,VBO
Vaucelles,CHD
Vaucresson,VCN
Vaudagne,VUD
Vaulry,VWY
Vaumoise,VAU
Vauvert,VAT
Vaux-sur-Seine,VXS
Vauxaillon,VXL
Vauzelles,VZE
Vayrac,VAY
Vayres,VYR
Veauche - Saint-Galmier,SGL
Veigné,VGZ
Velars-sur-Ouche,VLA
Vendenheim,VHM
Vendeuvre-sur-Barse,VUV
Vendôme,VDM
Vendôme - Villiers-sur-Loir TGV,VDT
Venerque - Vernet,VQV
Verdun,VDN
Vergèze - Codognan,VZC
Vermenton,VEE
Vern-sur-Seiche,VRN
Vernaison,VNI
Verneuil-l'Étang,VNL
Verneuil-sur-Avre,VEA
Verneuil-sur-Serre,VRL
Verneuil-sur-Vienne,VSV
Vernon - Giverny,VNO
Vernou-la-Celle-sur-Seine,VSS
Vernouillet - Verneuil,VET
Verrey-sous-Salmaise,VRR
Versailles Chantiers,VCR
Versailles Château Rive Gauche,VRG
Versailles Rive Droite,VRD
Versigny,VSI
Vert Galant,VGL
Vertaizon,VTZ
Vertou,VTU
Vervins,VEV
Verzeille,VRZ
Vesoul,VES
Veuves - Monteaux,VVU
Veynes Dévoluy,VDY
Viaduc Sainte-Marie,VDU
Viarmes,VCX
Vias,VAB
Vic - Mireval,VIC
Vic-le-Comte,VLC
Vic-sur-Cère,VCM
Vichy,VHY
Vidauban,VUB
Vieilleville,VVL
Vielmur-sur-Agout,VUG
Vienne,VIE
Vierzon,VER
Vierzon Forges,VFO
Vierzy,VYA
Vieux-Thann,VXT
Vieux-Thann Zone Industrielle,VXZ
Vif,VIF
Vigeois,VGE
Vigneux-sur-Seine,VGS
Vignory,VNR
Villabé,VBV
Villaines-sous-Bois,VWG
Villars-les-Dombes,VLD
Villedieu-les-Poêles,VDS
Villefort,VLF
Villefranche - Vernet-les-Bains,VVB
Villefranche-de-Lauragais,VDL
Villefranche-de-Rouergue,VRW
Villefranche-du-Périgord,VPD
Villefranche-sur-Cher,VSC
Villefranche-sur-Mer,VFH
Villefranche-sur-Saône,VIS
Villefranque,VQE
Villeherviers,VHV
Villenave-d'Ornon,VIO
Villeneuve Triage,VSG
Villeneuve-Loubet,VVP
Villeneuve-Saint-Georges,VSB
Villeneuve-la-Comtesse,VVK
Villeneuve-la-Guyard,VVG
Villeneuve-le-Roi,VRI
Villeneuve-lès-Maguelone,VLM
Villeneuve-sur-Allier,VVR
Villeneuve-sur-Yonne,VYE
Villennes-sur-Seine,VSW
Villenouvelle,VNW
Villeparisis - Mitry-le-Neuf,VII
Villeperdue,VIP
Villepinte,VPN
Villepreux - Les Clayes,VEP
Villereversure,VEU
Villers-Bretonneux,VLT
Villers-Cotterêts,VCT
Villers-Saint-Paul,VPL
Villers-Saint-Sépulcre,ULC
Villers-sur-Mer,VIU
Villiers - Neauphle - Pontchartrain,VEH
Villiers Montbarbin,VBB
Villiers-le-Bel - Gonesse - Arnouville,VIB
Villiers-sur-Marne - Le Plessis-Trévise,VSM
Vimy,VMY
Vinay,VNA
Vincey,VCY
Vinça,VCA
Vions - Chanaz,VOZ
Vire,VIR
Vireux-Molhain,VRX
Virieu sur Bourbre,VRB
Virieu-le-Grand - Belley,VRU
Viroflay Rive Droite,VFD
Viroflay Rive Gauche,VFG
Virville - Manneville,VVZ
Viry-Châtillon,VWC
Viry-Noureuil,VWN
Vis à Marles,VML
Vitrolles Aéroport Marseille Provence,AYD
Vitry-en-Artois,VYN
Vitry-le-François,VYF
Vitry-sur-Seine,VYB
Vitré,VTE
Vittel,VIT
Viviers-du-Lac,VDX
Viviez - Decazeville,VZI
Vivoin - Beaumont,VBT
Vivonne,VIV
Viévola,VVA
Voiron,VOR
Voivres-lès-le-Mans,VOI
Volvic,VOL
Vonnas,VNS
Voreppe,VPE
Vorey,VOE
Vosves,VOM
Vougeot - Gilly-lès-Cîteaux,VOT
Voujeaucourt,VJT
Voutré,VOU
Voves,VOV
Voyenne,VYS
Vraincourt - Viéville,VWV
Vrigne-Meuse,VRM
Vulaines-sur-Seine - Samoreau,VUN
Vélines,VLN
Vénissieux,VSX
Véretz - Montlouis,VZM
Wacquemoulin,WAC
Walbach,WAH
Walbourg,WAL
Walheim,WHM
Waligator Parc,WAB
Wallers,WSB
Wambaix,WAM
Watten - Éperlecques,WAP
Wattignies - Templemars,WAT
Wavrin,WAV
Wesserling,WES
Weyersheim,WEY
Wihr-au-Val - Soultzbach,WIH
Willer-sur-Thur,WIL
Wilwisheim,WIW
Wimille - Wimereux,WWX
Wingen-sur-Moder,WMG
Wisches,WHS
Wissembourg,WBG
Wittring,WIG
Woippy,WPY
Xertigny,XTY
Ychoux,YXC
Yerres,YES
Yffiniac,YFV
Ygos-Saint-Saturnin,YGV
Ytrac,YTC
Yvetot,YVT
Zetting,ZGS
Zillisheim,ZIL
Èze,EZZ
Échirolles,EHR
École-Valentin,ECV
Écommoy,ECO
Écouen - Ézanville,ECZ
Écouflant,ECT
Égletons,EGL
Égly,ELY
Éguzon-Chantôme,EGU
Éloyes,ELS
Émerainville - Pontault-Combault,EMR
Épanvilliers,EPI
Épernay,EPR
Épernon,EPN
Épierre - Saint-Léger,MEE
Épinal,ELP
Épinay - Villetaneuse,EPV
Épinay-sur-Orge,EYO
Épinay-sur-Seine,EYS
Épluches,EPL
Épouville,EPU
Épône - Mézières,EPO
Éragny - Neuville,ERA
Étain,ETM
Étainhus - Saint-Romain,EAH
Étalans,EAS
Étampes,ETP
Étang-sur-Arroux,ETG
Étaples - Le Touquet,ETA
Étigny - Véron,EYV
Étival-Clairefontaine,ETL
Étriché - Châteauneuf,EEF
Étréchy,ETY
Évian-les-Bains,EVI
Évreux Normandie,EVX
Évron,EVN
Évry Val de Seine,EVR
Évry-Courcouronnes,EVC
